{"chrome://browser/content/browser.xhtml":{"main-window":{"screenX":"638","screenY":"131","width":"1280","height":"1040","sizemode":"normal"}},"chrome://browser/content/places/places.xhtml":{"placesContentTags":{"ordinal":"3"},"placesContentUrl":{"ordinal":"5"},"placesContentDate":{"ordinal":"7"},"placesContentVisitCount":{"ordinal":"9"},"placesContentDateAdded":{"ordinal":"11"},"placesContentLastModified":{"ordinal":"13"},"places":{"screenX":"609","screenY":"349","width":"700","height":"500","sizemode":"normal"}}}